"","alpha","oporg","opselect"
"1",12.2825341322099,0.0520610350263422,0.0469942370844971
