"","alpha","oporg","opselect"
"1",3.1841553069882,0.0207871508713422,0.0200590782417743
