"","alpha","oporg","opselect"
"1",12.0327617385315,0.0494140234294672,0.0468764664358957
