"","alpha","oporg","opselect"
"1",2.26450646021106,0.0249781157867462,0.0248304859942966
