"","alpha","oporg","opselect"
"1",3.38876593668179,0.0249781157867462,0.024640903970147
